id,label
test_001,3
test_002,4
test_003,3
test_004,3
test_005,3
test_006,0
test_007,3
test_008,3
test_009,3
test_010,3
test_011,3
test_012,0
test_013,3
test_014,3
test_015,3
test_016,1
test_017,4
test_018,1
test_019,3
test_020,4
test_021,3
test_022,0
test_023,3
test_024,2
test_025,3
test_026,3
test_027,3
test_028,3
test_029,3
test_030,4
test_031,2
test_032,3
test_033,3
test_034,0
test_035,3
test_036,3
test_037,2
test_038,2
test_039,3
test_040,3
test_041,3
test_042,3
test_043,1
test_044,3
test_045,3
test_046,4
test_047,0
test_048,3
test_049,3
test_050,4
test_051,0
test_052,3
test_053,2
test_054,2
test_055,3
test_056,3
test_057,3
test_058,3
test_059,4
test_060,4
test_061,4
test_062,3
test_063,3
test_064,1
test_065,3
test_066,3
test_067,1
test_068,3
test_069,3
test_070,3
test_071,3
test_072,4
test_073,4
test_074,3
test_075,4
test_076,3
test_077,3
test_078,4
test_079,3
test_080,3
test_081,1
test_082,0
test_083,3
test_084,5
test_085,0
test_086,0
test_087,2
test_088,3
test_089,4
test_090,3
test_091,3
test_092,4
test_093,3
test_094,3
test_095,2
test_096,1
test_097,3
test_098,3
test_099,1
test_100,3
test_101,0
test_102,3
test_103,1
test_104,3
test_105,3
test_106,3
test_107,3
test_108,3
test_109,4
test_110,3
test_111,0
test_112,5
test_113,3
test_114,3
test_115,2
test_116,4
test_117,3
test_118,0
test_119,4
test_120,1
test_121,3
test_122,3
test_123,3
test_124,3
test_125,4
test_126,3
test_127,3
test_128,3
test_129,4
test_130,3
test_131,3
test_132,3
test_133,3
test_134,3
test_135,3
test_136,0
test_137,3
test_138,0
test_139,1
test_140,3
test_141,3
test_142,3
test_143,3
test_144,3
test_145,1
test_146,3
test_147,4
test_148,2
test_149,3
test_150,1
test_151,4
test_152,2
test_153,3
test_154,3
test_155,4
test_156,4
test_157,1
test_158,3
test_159,4
test_160,1
test_161,4
test_162,3
test_163,0
test_164,3
test_165,3
test_166,3
test_167,3
test_168,3
test_169,4
test_170,4
test_171,3
test_172,3
test_173,3
test_174,3
test_175,2
test_176,3
test_177,1
test_178,2
test_179,4
test_180,3
test_181,3
test_182,3
test_183,0
test_184,3
test_185,2
test_186,3
test_187,2
test_188,3
test_189,2
test_190,0
test_191,2
test_192,3
test_193,3
test_194,3
test_195,4
test_196,3
test_197,3
test_198,3
test_199,3
test_200,3
test_201,3
test_202,3
test_203,3
test_204,4
test_205,3
test_206,4
test_207,3
test_208,3
test_209,4
test_210,3
test_211,3
test_212,0
test_213,3
test_214,3
test_215,4
test_216,4
test_217,0
test_218,2
test_219,3
test_220,0
test_221,3
test_222,1
test_223,4
test_224,1
test_225,3
test_226,4
test_227,3
test_228,4
test_229,3
test_230,3
test_231,4
test_232,1
test_233,5
test_234,3
test_235,3
test_236,1
test_237,1
test_238,3
test_239,0
test_240,3
test_241,1
test_242,3
test_243,3
test_244,4
test_245,3
test_246,3
test_247,3
test_248,3
test_249,3
test_250,3
test_251,3
test_252,3
test_253,3
test_254,3
test_255,4
test_256,3
test_257,4
test_258,3
test_259,4
test_260,3
test_261,3
test_262,2
test_263,1
test_264,3
test_265,3
test_266,1
test_267,3
test_268,3
test_269,4
test_270,3
test_271,3
test_272,3
test_273,3
test_274,3
test_275,3
test_276,3
test_277,1
test_278,3
test_279,3
test_280,3
test_281,3
test_282,1
test_283,3
test_284,3
test_285,1
test_286,3
test_287,4
test_288,3
test_289,3
test_290,4
test_291,0
test_292,3
test_293,2
test_294,2
test_295,2
test_296,3
test_297,1
test_298,3
test_299,3
test_300,3
test_301,3
test_302,3
test_303,3
test_304,0
test_305,1
test_306,3
test_307,3
test_308,3
test_309,4
test_310,3
test_311,3
test_312,3
test_313,3
test_314,3
test_315,3
test_316,3
test_317,4
test_318,2
test_319,3
test_320,4
test_321,3
test_322,3
test_323,3
test_324,3
test_325,4
test_326,1
test_327,2
test_328,3
test_329,4
test_330,3
test_331,1
test_332,0
test_333,3
test_334,1
test_335,3
test_336,3
test_337,1
test_338,3
test_339,3
test_340,3
test_341,0
test_342,2
test_343,3
test_344,0
test_345,3
test_346,4
test_347,3
test_348,5
test_349,3
test_350,3
test_351,3
test_352,0
test_353,4
test_354,3
test_355,4
test_356,4
test_357,3
test_358,2
test_359,2
test_360,3
test_361,3
test_362,3
test_363,3
test_364,3
test_365,3
test_366,0
test_367,3
test_368,3
test_369,3
test_370,3
test_371,3
test_372,1
test_373,3
test_374,3
test_375,2
test_376,3
test_377,2
test_378,4
test_379,0
test_380,0
test_381,0
test_382,3
test_383,3
test_384,4
test_385,4
test_386,3
test_387,3
test_388,3
test_389,3
test_390,3
test_391,3
test_392,5
test_393,3
test_394,3
test_395,1
test_396,4
test_397,3
test_398,3
test_399,3
test_400,3
test_401,3
test_402,3
test_403,4
test_404,3
